timestamp,etudiant,groupe,module,exercice_id,reponse
2026-07-21T17:25:11.977273,j,B,0,E1.1,"Écrire un algorithme (pseudocode) qui affiche 'Bonjour le monde'.
"
2026-07-21T17:31:47.618022,ali,B,0,E1.1,"Écrire un algorithme (pseudocode) qui affiche 'Bonjour le monde'.
"
2026-07-21T18:13:22.851987,j,B,0,E1.1,"Écrire un algorithme (pseudocode) qui affiche 'Bonjour le monde'.
"
2026-07-21T18:14:35.057975,f,A,0,E1.2,"Déclarer une variable entière, l'initialiser à 10, et afficher sa valeur.
"
2026-07-22T18:28:38.777989,a,A,0,E1.1,ytfyguhiojkpl;
2026-07-28T10:15:35.831984,a,B,0,E1.1,"Écrire un algorithme (pseudocode) qui affiche 'Bonjour le monde'.
"
